Timestamp;Parked;Latitude;Longitude;Speed;DestinationLatitude;DestinationLongitude;EnteredGeofence
2018-05-21 06:43:32.0;NO;0;0;35,092113;-256,832;-78,1083;NULL
2018-05-21 06:43:52.0;NO;-0,5767;-1,4266;26,303333;-256,832;-78,1083;NULL
2018-05-21 06:44:12.0;NO;-2,375;-0,4183;40,410225;-256,832;-78,1083;NULL
2018-05-21 06:44:32.0;NO;-4,425;-2,8933;55,934658;-256,832;-78,1083;NULL
2018-05-21 06:44:52.0;NO;-6,1183;-4,0916;39,56711;-256,832;-78,1083;NULL
2018-05-21 06:45:12.0;NO;-7,7217;-6,8566;60,837696;-256,832;-78,1083;NULL
2018-05-21 06:45:32.0;NO;-10,3533;-8,3016;71,55174;-256,832;-78,1083;NULL
2018-05-21 06:45:52.0;NO;-13,9383;-8,4366;58,912426;-256,832;-78,1083;NULL
2018-05-21 06:46:32.0;NO;-19,6483;-13,99;78,967445;-256,832;-78,1083;NULL
2018-05-21 06:46:52.0;NO;-22,3;-17,9383;79,20093;-256,832;-78,1083;NULL
2018-05-21 06:47:32.0;NO;-28,9;-22,3633;75,68208;-256,832;-78,1083;NULL
2018-05-21 06:47:52.0;NO;-32,23;-23,8483;65,48687;-256,832;-78,1083;NULL
2018-05-21 06:48:12.0;NO;-35,2383;-25,6533;64,601135;-256,832;-78,1083;NULL
2018-05-21 06:48:32.0;NO;-36,9967;-29,345;66,38373;-256,832;-78,1083;NULL
2018-05-21 06:48:52.0;NO;-39,5183;-32,205;68,48688;-256,832;-78,1083;NULL
2018-05-21 06:49:12.0;NO;-42,1933;-34,5616;66,065;-256,832;-78,1083;NULL
2018-05-21 06:49:32.0;NO;-45,375;-35,8783;67,89207;-256,832;-78,1083;NULL
2018-05-21 06:49:52.0;NO;-49,015;-36,05;68,679596;-256,832;-78,1083;NULL
2018-05-21 06:50:12.0;NO;-52,22;-37,3016;73,28615;-256,832;-78,1083;NULL
2018-05-21 06:50:32.0;NO;-55,77;-37,3233;68,64809;-256,832;-78,1083;NULL
2018-05-21 06:51:12.0;NO;-61,2283;-37,46;58,853134;-256,832;-78,1083;NULL
2018-05-21 06:51:32.0;NO;-63,9917;-38,625;60,285503;-256,832;-78,1083;NULL
2018-05-21 06:51:52.0;NO;-66,8133;-39,925;72,30406;-256,832;-78,1083;NULL
2018-05-21 06:52:12.0;NO;-70,21;-40,7383;63,704285;-256,832;-78,1083;NULL
2018-05-21 06:52:32.0;NO;-73,085;-42,4816;64,0508;-256,832;-78,1083;NULL
2018-05-21 06:52:52.0;NO;-76,1833;-43,315;57,633858;-256,832;-78,1083;NULL
2018-05-21 06:53:12.0;NO;-77,175;-45,405;44,099545;-256,832;-78,1083;NULL
2018-05-21 06:53:32.0;NO;-77,67;-47,6866;25,558428;-256,832;-78,1083;NULL
2018-05-21 06:53:52.0;NO;-78,265;-46,98;29,601675;-256,832;-78,1083;NULL
2018-05-21 06:54:12.0;NO;-80,3933;-45,455;51,985912;-256,832;-78,1083;NULL
2018-05-21 06:54:52.0;NO;-82,1783;-45,2566;0;-256,832;-78,1083;NULL
2018-05-21 06:55:12.0;NO;-82,3883;-45,3066;8,994462;-256,832;-78,1083;NULL
2018-05-21 06:55:52.0;NO;-83,0967;-45,6433;0;-256,832;-78,1083;NULL
2018-05-21 06:56:12.0;NO;-83,1683;-45,6916;0;-256,832;-78,1083;NULL
2018-05-21 06:56:32.0;NO;-83,1683;-45,6916;0;-256,832;-78,1083;NULL
2018-05-21 06:57:12.0;NO;-83,695;-46,0033;5,586795;-256,832;-78,1083;NULL
2018-05-21 06:57:32.0;NO;-83,9133;-46,135;7,31935;-256,832;-78,1083;NULL
2018-05-21 06:57:52.0;NO;-84,2817;-46,3666;14,193979;-256,832;-78,1083;NULL
2018-05-21 06:58:32.0;NO;-85,0283;-46,7816;0;-256,832;-78,1083;NULL
2018-05-21 06:58:52.0;NO;-85,0683;-46,805;8,440414;-256,832;-78,1083;NULL
2018-05-21 06:59:12.0;NO;-85,4317;-47,0216;7,0395465;-256,832;-78,1083;NULL
2018-05-21 06:59:32.0;NO;-85,7179;-47,1688;6,6355925;-256,832;-78,1083;NULL
2018-05-21 06:59:52.0;NO;-86,1752;-47,3683;12,287243;-256,832;-78,1083;NULL
2018-05-21 07:00:12.0;NO;-86,7936;-47,5252;12,602253;-256,832;-78,1083;NULL
2018-05-21 07:00:32.0;NO;-87,3404;-47,6181;6,730096;-256,832;-78,1083;NULL
2018-05-21 07:00:53.0;NO;-87,5829;-47,6218;6,285376;-256,832;-78,1083;NULL
2018-05-21 07:01:32.0;NO;-88,4117;-47,6433;8,868458;-256,832;-78,1083;NULL
2018-05-21 07:01:52.0;NO;-89,0317;-47,49;11,927761;-256,832;-78,1083;NULL
2018-05-21 07:02:12.0;NO;-89,4333;-47,325;7,05993;-256,832;-78,1083;NULL
2018-05-21 07:02:32.0;NO;-89,6783;-47,265;4,476848;-256,832;-78,1083;NULL
2018-05-21 07:02:52.0;NO;-89,6967;-47,2683;0;-256,832;-78,1083;NULL
2018-05-21 07:03:32.0;NO;-89,9267;-47,255;0;-256,832;-78,1083;NULL
2018-05-21 07:03:52.0;NO;-89,9267;-47,255;0;-256,832;-78,1083;NULL
2018-05-21 07:04:32.0;NO;-90,13;-47,2716;0;-256,832;-78,1083;NULL
2018-05-21 07:04:52.0;NO;-90,13;-47,2716;0;-256,832;-78,1083;NULL
2018-05-21 07:05:12.0;NO;-90,1617;-47,2683;4,7121787;-256,832;-78,1083;NULL
2018-05-21 07:05:52.0;NO;-90,3783;-47,31;0;-256,832;-78,1083;NULL
2018-05-21 07:06:32.0;NO;-90,3783;-47,31;0;-256,832;-78,1083;NULL
2018-05-21 07:06:52.0;NO;-90,3783;-47,31;0;-256,832;-78,1083;NULL
2018-05-21 07:07:12.0;NO;-90,3783;-47,31;0;-256,832;-78,1083;NULL
2018-05-21 07:07:52.0;NO;-90,5767;-47,3866;7,3823514;-256,832;-78,1083;NULL
2018-05-21 07:08:12.0;NO;-90,9033;-47,565;7,065489;-256,832;-78,1083;NULL
2018-05-21 07:08:32.0;NO;-91,24;-47,8183;11,462658;-256,832;-78,1083;NULL
2018-05-21 07:08:52.0;NO;-91,5183;-48,14;0;-256,832;-78,1083;NULL
2018-05-21 07:09:32.0;NO;-91,5183;-48,14;0;-256,832;-78,1083;NULL
2018-05-21 07:09:52.0;NO;-91,5183;-48,14;0;-256,832;-78,1083;NULL
2018-05-21 07:10:12.0;NO;-91,5183;-48,14;0;-256,832;-78,1083;NULL
2018-05-21 07:10:52.0;NO;-91,65;-48,3683;0;-256,832;-78,1083;NULL
2018-05-21 07:11:12.0;NO;-91,65;-48,3683;0;-256,832;-78,1083;NULL
2018-05-21 07:11:32.0;NO;-92,33;-49,6583;36,518925;-256,832;-78,1083;NULL
2018-05-21 07:11:52.0;NO;-93,125;-52,1583;49,571453;-256,832;-78,1083;NULL
2018-05-21 07:12:12.0;NO;-92,8983;-56,5716;75,88961;-256,832;-78,1083;NULL
2018-05-21 07:12:52.0;NO;-92,8833;-66,96;74,73891;-256,832;-78,1083;NULL
2018-05-21 07:13:12.0;NO;-93,5917;-71,3466;63,38001;-256,832;-78,1083;NULL
2018-05-21 07:13:32.0;NO;-94,5;-75,2483;62,913055;-256,832;-78,1083;NULL
2018-05-21 07:13:52.0;NO;-96,16;-79,525;73,30653;-256,832;-78,1083;NULL
2018-05-21 07:14:12.0;NO;-97,6283;-84,22;77,40166;-256,832;-78,1083;NULL
2018-05-21 07:14:32.0;NO;-97,795;-88,645;69,574585;-256,832;-78,1083;NULL
2018-05-21 07:14:52.0;NO;-97,2667;-93,385;70,75124;-256,832;-78,1083;NULL
2018-05-21 07:15:12.0;NO;-96,9067;-98,4416;79,01747;-256,832;-78,1083;NULL
2018-05-21 07:15:32.0;NO;-97,7583;-103,92;85,15276;-256,832;-78,1083;NULL
2018-05-21 07:16:12.0;NO;-100,645;-114,6;89,620346;-256,832;-78,1083;NULL
2018-05-21 07:16:52.0;NO;-105,5383;-122,4583;75,730255;-256,832;-78,1083;NULL
2018-05-21 07:17:12.0;NO;-107,4183;-127,2366;84,098404;-256,832;-78,1083;NULL
2018-05-21 07:17:52.0;NO;-109,7833;-137,7233;65,89824;-256,832;-78,1083;NULL
2018-05-21 07:18:12.0;NO;-111,4133;-140,4716;45,56156;-256,832;-78,1083;NULL
2018-05-21 07:18:32.0;NO;-112,595;-142,235;24,146442;-256,832;-78,1083;NULL
2018-05-21 07:18:52.0;NO;-113,175;-143,1833;0;-256,832;-78,1083;NULL
2018-05-21 07:19:12.0;NO;-113,3033;-143,4016;3,778267;-256,832;-78,1083;NULL
2018-05-21 07:19:52.0;NO;-113,38;-143,54;0;-256,832;-78,1083;NULL
2018-05-21 07:20:12.0;NO;-113,4633;-143,685;13,832645;-256,832;-78,1083;NULL
2018-05-21 07:20:32.0;NO;-113,7417;-144,13;0;-256,832;-78,1083;NULL
2018-05-21 07:20:52.0;NO;-113,7417;-144,13;0;-256,832;-78,1083;NULL
2018-05-21 07:21:12.0;NO;-114,105;-144,7216;23,219942;-256,832;-78,1083;NULL
2018-05-21 07:21:32.0;NO;-114,4217;-145,2183;0;-256,832;-78,1083;NULL
2018-05-21 07:21:52.0;NO;-114,4217;-145,2183;0;-256,832;-78,1083;NULL
2018-05-21 07:22:12.0;NO;-114,5483;-145,42;7,154433;-256,832;-78,1083;NULL
2018-05-21 07:22:32.0;NO;-114,9533;-146,0833;0;-256,832;-78,1083;NULL
2018-05-21 07:22:52.0;NO;-114,995;-146,145;4,586175;-256,832;-78,1083;NULL
2018-05-21 07:23:32.0;NO;-115,315;-146,6666;0;-256,832;-78,1083;NULL
2018-05-21 07:23:52.0;NO;-116,275;-148,23;60,77469;-256,832;-78,1083;NULL
2018-05-21 07:24:12.0;NO;-118,6567;-152,075;76,1898;-256,832;-78,1083;NULL
2018-05-21 07:24:32.0;NO;-121,3267;-156,3616;92,04592;-256,832;-78,1083;NULL
2018-05-21 07:24:52.0;NO;-125,5283;-159,205;93,74141;-256,832;-78,1083;NULL
2018-05-21 07:25:12.0;NO;-129,9867;-159,785;77,36089;-256,832;-78,1083;NULL
2018-05-21 07:25:32.0;NO;-133,78;-160,2783;79,70494;-256,832;-78,1083;NULL
2018-05-21 07:26:12.0;NO;-142,5717;-161,26;91,623436;-256,832;-78,1083;NULL
2018-05-21 07:26:52.0;NO;-151,965;-161,425;94,43258;-256,832;-78,1083;NULL
2018-05-21 07:27:12.0;NO;-156,4983;-160,7716;88,58822;-256,832;-78,1083;NULL
2018-05-21 07:27:32.0;NO;-159,4133;-159,1966;29,108776;-256,832;-78,1083;NULL
2018-05-21 07:27:52.0;NO;-159,9133;-158,9616;0;-256,832;-78,1083;NULL
2018-05-21 07:28:12.0;NO;-160,0733;-158,8916;0;-256,832;-78,1083;NULL
2018-05-21 07:28:32.0;NO;-160,8883;-158,575;39,817265;-256,832;-78,1083;NULL
2018-05-21 07:28:52.0;NO;-163,9433;-157,77;77,06071;-256,832;-78,1083;NULL
2018-05-21 07:29:12.0;NO;-167,77;-157,2116;89,27383;-256,832;-78,1083;NULL
2018-05-21 07:29:32.0;NO;-172,3683;-158,0716;91,64382;-256,832;-78,1083;NULL
2018-05-21 07:30:12.0;NO;-180,145;-160,0416;65,90194;-256,832;-78,1083;NULL
2018-05-21 07:30:52.0;NO;-185,7883;-161,225;38,299656;-256,832;-78,1083;NULL
2018-05-21 07:31:12.0;NO;-186,57;-161,22;7,206317;-256,832;-78,1083;NULL
2018-05-21 07:31:52.0;NO;-187,7217;-161,38;44,210728;-256,832;-78,1083;NULL
2018-05-21 07:32:12.0;NO;-190,6183;-161,5333;64,886505;-256,832;-78,1083;NULL
2018-05-21 07:32:32.0;NO;-193,3217;-161,6183;50,6184;-256,832;-78,1083;NULL
2018-05-21 07:32:52.0;NO;-195,7;-161,7016;43,462116;-256,832;-78,1083;NULL
2018-05-21 07:33:12.0;NO;-197,285;-161,7833;25,754847;-256,832;-78,1083;NULL
2018-05-21 07:33:32.0;NO;-198,8117;-162,0633;34,23047;-256,832;-78,1083;NULL
2018-05-21 07:34:12.0;NO;-201,9333;-163,32;39,511517;-256,832;-78,1083;NULL
2018-05-21 07:34:32.0;NO;-204,395;-164,63;58,71045;-256,832;-78,1083;NULL
2018-05-21 07:35:12.0;NO;-210,7083;-168,0616;80,49246;-256,832;-78,1083;NULL
2018-05-21 07:35:32.0;NO;-215,0617;-168,66;98,40171;-256,832;-78,1083;NULL
2018-05-21 07:35:52.0;NO;-219,6817;-166,8683;95,53512;-256,832;-78,1083;NULL
2018-05-21 07:36:12.0;NO;-223,7067;-165,1166;78,16139;-256,832;-78,1083;NULL
2018-05-21 07:36:32.0;NO;-227,5;-163,5816;78,54126;-256,832;-78,1083;NULL
2018-05-21 07:37:12.0;NO;-234,52;-160,4666;28,708529;-256,832;-78,1083;NULL
2018-05-21 07:37:32.0;NO;-235,705;-159,95;36,42998;-256,832;-78,1083;NULL
2018-05-21 07:37:52.0;NO;-238,31;-158,9433;59,75925;-256,832;-78,1083;NULL
2018-05-21 07:38:32.0;NO;-242,4567;-157,5183;24,23724;-256,832;-78,1083;NULL
2018-05-21 07:39:12.0;NO;-245,4133;-156,6066;39,837646;-256,832;-78,1083;NULL
2018-05-21 07:39:32.0;NO;-247,6083;-155,9616;56,798153;-256,832;-78,1083;NULL
2018-05-21 07:39:52.0;NO;-250,8383;-155,02;74,04031;-256,832;-78,1083;NULL
2018-05-21 07:40:32.0;NO;-259,375;-152,2833;60,763573;-256,832;-78,1083;NULL
2018-05-21 07:40:52.0;NO;-260,38;-151,8383;5,07722;-256,832;-78,1083;NULL
2018-05-21 07:41:12.0;NO;-261,665;-151,1216;36,939552;-256,832;-78,1083;NULL
2018-05-21 07:41:32.0;NO;-262,805;-150,2666;15,255749;-256,832;-78,1083;NULL
2018-05-21 07:41:52.0;NO;-263,4183;-149,72;12,574457;-256,832;-78,1083;NULL
2018-05-21 07:42:12.0;NO;-263,725;-149,4183;0;-256,832;-78,1083;NULL
2018-05-21 07:42:32.0;NO;-263,9067;-149,23;7,4601774;-256,832;-78,1083;NULL
2018-05-21 07:42:52.0;NO;-264,11;-149,0266;12,050058;-256,832;-78,1083;NULL
2018-05-21 07:43:12.0;NO;-264,8083;-148,235;14,407074;-256,832;-78,1083;NULL
2018-05-21 07:43:52.0;NO;-265,56;-147,27;4,210016;-256,832;-78,1083;NULL
2018-05-21 07:44:12.0;NO;-265,585;-147,2383;6,5855618;-256,832;-78,1083;NULL
2018-05-21 07:44:32.0;NO;-265,8883;-146,79;6,252022;-256,832;-78,1083;NULL
2018-05-21 07:44:52.0;NO;-265,9517;-146,6883;0;-256,832;-78,1083;NULL
2018-05-21 07:45:12.0;NO;-266,13;-146,495;12,505897;-256,832;-78,1083;NULL
2018-05-21 07:45:32.0;NO;-266,4133;-145,8933;13,363835;-256,832;-78,1083;NULL
2018-05-21 07:45:52.0;NO;-266,7233;-145,3433;0;-256,832;-78,1083;NULL
2018-05-21 07:46:12.0;NO;-266,9017;-144,9883;10,845609;-256,832;-78,1083;NULL
2018-05-21 07:46:32.0;NO;-267,085;-144,625;0;-256,832;-78,1083;NULL
2018-05-21 07:47:12.0;NO;-267,6183;-143,43;0;-256,832;-78,1083;NULL
2018-05-21 07:47:32.0;NO;-267,6183;-143,43;0;-256,832;-78,1083;NULL
2018-05-21 07:47:52.0;NO;-268,0683;-142,1983;33,326206;-256,832;-78,1083;NULL
2018-05-21 07:48:12.0;NO;-268,4983;-140,745;12,20571;-256,832;-78,1083;NULL
2018-05-21 07:48:32.0;NO;-268,8417;-139,4383;24,796846;-256,832;-78,1083;NULL
2018-05-21 07:48:52.0;NO;-269,2783;-137,485;24,172384;-256,832;-78,1083;NULL
2018-05-21 07:49:12.0;NO;-269,6483;-135,6866;10,252649;-256,832;-78,1083;NULL
2018-05-21 07:49:32.0;NO;-269,7667;-135,2466;14,160625;-256,832;-78,1083;NULL
2018-05-21 07:50:12.0;NO;-270,605;-130,4;51,82841;-256,832;-78,1083;NULL
2018-05-21 07:50:32.0;NO;-270,8667;-128,545;12,37248;-256,832;-78,1083;NULL
2018-05-21 07:50:52.0;NO;-271,145;-126,4133;47,614685;-256,832;-78,1083;NULL
2018-05-21 07:51:12.0;NO;-271,3033;-125,1116;0;-256,832;-78,1083;NULL
2018-05-21 07:51:32.0;NO;-271,505;-123,7266;44,481262;-256,832;-78,1083;NULL
2018-05-21 07:51:52.0;NO;-272,2533;-119,8116;70,72901;-256,832;-78,1083;NULL
2018-05-21 07:52:12.0;NO;-273,365;-116,455;44,888924;-256,832;-78,1083;NULL
2018-05-21 07:52:32.0;NO;-274,3;-113,6566;52,699318;-256,832;-78,1083;NULL
2018-05-21 07:52:52.0;NO;-274,99;-111,6683;0;-256,832;-78,1083;NULL
2018-05-21 07:53:12.0;NO;-275,0383;-111,5233;10,85858;-256,832;-78,1083;NULL
2018-05-21 07:53:32.0;NO;-275,195;-110,965;7,547269;-256,832;-78,1083;NULL
2018-05-21 07:53:52.0;NO;-275,7867;-108,74;49,48251;-256,832;-78,1083;NULL
2018-05-21 07:54:12.0;NO;-276,095;-107,1083;0;-256,832;-78,1083;NULL
2018-05-21 07:54:32.0;NO;-276,1733;-106,6116;29,02539;-256,832;-78,1083;NULL
2018-05-21 07:54:52.0;NO;-276,3983;-104,6716;31,193401;-256,832;-78,1083;NULL
2018-05-21 07:55:12.0;NO;-276,635;-102,43;22,44724;-256,832;-78,1083;NULL
2018-05-21 07:55:32.0;NO;-276,7933;-101,53;25,284184;-256,832;-78,1083;NULL
2018-05-21 07:55:52.0;NO;-277,22;-99,5066;33,828365;-256,832;-78,1083;NULL
2018-05-21 07:56:12.0;NO;-278,8633;-100,53;52,728966;-256,832;-78,1083;NULL
2018-05-21 07:56:52.0;NO;-282,3883;-105,7166;49,830875;-256,832;-78,1083;NULL
2018-05-21 07:57:12.0;NO;-283,9883;-108,1583;38,749935;-256,832;-78,1083;NULL
2018-05-21 07:57:32.0;NO;-283,65;-109,7766;33,00749;-256,832;-78,1083;NULL
2018-05-21 07:57:52.0;NO;-283,1317;-110,275;14,660935;-256,832;-78,1083;NULL
2018-05-21 07:58:12.0;NO;-282,6367;-111,01;21,492947;-256,832;-78,1083;NULL
2018-05-21 07:58:52.0;NO;-280,8917;-112,0133;6,124165;-256,832;-78,1083;NULL
2018-05-21 07:59:12.0;NO;-280,4317;-110,91;33,17611;-256,832;-78,1083;NULL
2018-05-21 07:59:32.0;NO;-279,13;-108,41;48,024197;-256,832;-78,1083;NULL
2018-05-21 07:59:52.0;NO;-277,3183;-106,2633;54,672764;-256,832;-78,1083;NULL
2018-05-21 08:00:12.0;NO;-274,75;-105,3983;47,50351;-256,832;-78,1083;NULL
2018-05-21 08:00:32.0;NO;-272,79;-106,7166;38,59799;-256,832;-78,1083;NULL
2018-05-21 08:00:52.0;NO;-272,1183;-107,1433;15,339133;-256,832;-78,1083;NULL
2018-05-21 08:01:12.0;NO;-271,5683;-107,0766;15,183481;-256,832;-78,1083;NULL
2018-05-21 08:01:32.0;NO;-270,2033;-104,5466;62,85561;-256,832;-78,1083;NULL
2018-05-21 08:01:52.0;NO;-267,5117;-102,1866;59,868572;-256,832;-78,1083;NULL
2018-05-21 08:02:12.0;NO;-265,9983;-100,8666;27,192776;-256,832;-78,1083;NULL
2018-05-21 08:02:52.0;NO;-264,825;-98,4116;47,15329;-256,832;-78,1083;NULL
2018-05-21 08:03:12.0;NO;-264,025;-97,1633;14,066123;-256,832;-78,1083;NULL
2018-05-21 08:03:32.0;NO;-263,3133;-95,9916;24,526308;-256,832;-78,1083;NULL
2018-05-21 08:03:52.0;NO;-261,9333;-93,9116;48,615307;-256,832;-78,1083;NULL
2018-05-21 08:04:12.0;NO;-260,6467;-91,7883;29,218105;-256,832;-78,1083;NULL
2018-05-21 08:04:32.0;NO;-259,6833;-90,0916;21,025991;-256,832;-78,1083;NULL
2018-05-21 08:05:12.0;NO;-258,95;-88,5533;21,974726;-256,832;-78,1083;YES
2018-05-21 08:05:52.0;NO;-255,66;-86,44;44,774036;-256,832;-78,1083;YES
2018-05-21 08:06:12.0;NO;-255,055;-85,7866;0;-256,832;-78,1083;YES
2018-05-21 08:06:32.0;NO;-255,055;-85,7866;0;-256,832;-78,1083;YES
2018-05-21 08:06:52.0;NO;-255,4017;-84,9216;37,156353;-256,832;-78,1083;YES
2018-05-21 08:07:12.0;NO;-256,09;-84,2783;5,994455;-256,832;-78,1083;YES
2018-05-21 08:07:52.0;NO;-256,3567;-82,4666;26,014267;-256,832;-78,1083;YES
2018-05-21 08:08:32.0;NO;-255,8667;-79,3116;14,599786;-256,832;-78,1083;YES
2018-05-21 08:08:32.0;YES;-255,8667;-79,3116;4,055496;-256,832;-78,1083;YES
2018-05-21 08:35:00.0;NO;0;0;0,27424398;268,2599;65,0119;NULL
2018-05-21 08:35:40.0;NO;-0,5533;1,0634;23,069849;268,2599;65,0119;NULL
2018-05-21 08:36:00.0;NO;-1,125;0,8684;19,432411;268,2599;65,0119;NULL
2018-05-21 08:36:40.0;NO;-3,2917;0,255;22,87899;268,2599;65,0119;NULL
2018-05-21 08:37:00.0;NO;-5,7833;-0,9666;64,903175;268,2599;65,0119;NULL
2018-05-21 08:37:20.0;NO;-8,9317;-2,5933;69,6413;268,2599;65,0119;NULL
2018-05-21 08:37:40.0;NO;-12,1767;-4,5783;72,01684;268,2599;65,0119;NULL
2018-05-21 08:38:20.0;NO;-18,6533;-8,5283;62,99644;268,2599;65,0119;NULL
2018-05-21 08:38:40.0;NO;-21,05;-10,4166;55,428787;268,2599;65,0119;NULL
2018-05-21 08:39:00.0;NO;-21,8267;-13,8516;64,51961;268,2599;65,0119;NULL
2018-05-21 08:39:20.0;NO;-21,2583;-18,635;48,922905;268,2599;65,0119;NULL
2018-05-21 08:39:40.0;NO;-20,93;-21,2566;22,009933;268,2599;65,0119;NULL
2018-05-21 08:40:00.0;NO;-20,715;-23,255;19,647358;268,2599;65,0119;NULL
2018-05-21 08:40:20.0;NO;-20,66;-23,6883;0;268,2599;65,0119;NULL
2018-05-21 08:41:00.0;NO;-20,5483;-24,8533;39,850616;268,2599;65,0119;NULL
2018-05-21 08:41:40.0;NO;-19,035;-32,7216;72,85996;268,2599;65,0119;NULL
2018-05-21 08:42:00.0;NO;-17,9167;-35,9433;33,08346;268,2599;65,0119;NULL
2018-05-21 08:42:40.0;NO;-16,0783;-41,7116;67,34728;268,2599;65,0119;NULL
2018-05-21 08:43:20.0;NO;-15,15;-47,47;25,51581;268,2599;65,0119;NULL
2018-05-21 08:44:00.0;NO;-14,5583;-51,5316;27,457754;268,2599;65,0119;NULL
2018-05-21 08:44:40.0;NO;-13,7033;-56,8916;70,4733;268,2599;65,0119;NULL
2018-05-21 08:45:00.0;NO;-12,6633;-61,6033;82,96437;268,2599;65,0119;NULL
2018-05-21 08:45:20.0;NO;-10,4033;-67,0016;102,048416;268,2599;65,0119;NULL
2018-05-21 08:45:40.0;NO;-6,52;-71,4783;102,32822;268,2599;65,0119;NULL
2018-05-21 08:46:00.0;NO;-1,6433;-73,7533;101,25903;268,2599;65,0119;NULL
2018-05-21 08:46:40.0;NO;8,405;-76,8433;102,81556;268,2599;65,0119;NULL
2018-05-21 08:47:00.0;NO;13,5717;-78,4366;107,18678;268,2599;65,0119;NULL
2018-05-21 08:47:20.0;NO;18,5433;-80,1533;103,34366;268,2599;65,0119;NULL
2018-05-21 08:47:40.0;NO;23,54;-82,22;106,69573;268,2599;65,0119;NULL
2018-05-21 08:48:20.0;NO;33,4633;-86,49;106,514145;268,2599;65,0119;NULL
2018-05-21 08:48:40.0;NO;38,6167;-88,7133;107,79271;268,2599;65,0119;NULL
2018-05-21 08:49:20.0;NO;48,8283;-86,82;102,120674;268,2599;65,0119;NULL
2018-05-21 08:50:00.0;NO;58,4517;-82,495;95,75006;268,2599;65,0119;NULL
2018-05-21 08:50:20.0;NO;63,4017;-82,295;95,76674;268,2599;65,0119;NULL
2018-05-21 08:50:40.0;NO;68,53;-82,115;104,890915;268,2599;65,0119;NULL
2018-05-21 08:51:00.0;NO;73,6183;-81,525;105,498695;268,2599;65,0119;NULL
2018-05-21 08:51:20.0;NO;78,815;-79,735;106,12131;268,2599;65,0119;NULL
2018-05-21 08:51:40.0;NO;83,905;-78,7583;102,91932;268,2599;65,0119;NULL
2018-05-21 08:52:20.0;NO;94,0317;-79,1;103,42334;268,2599;65,0119;NULL
2018-05-21 08:53:00.0;NO;104,3033;-82,2383;109,98111;268,2599;65,0119;NULL
2018-05-21 08:53:40.0;NO;114,7817;-81,835;104,43137;268,2599;65,0119;NULL
2018-05-21 08:54:40.0;NO;130,12;-79,945;99,99344;268,2599;65,0119;NULL
2018-05-21 08:55:00.0;NO;134,5733;-76,8783;104,992836;268,2599;65,0119;NULL
2018-05-21 08:55:40.0;NO;141,1833;-66,1166;99,36342;268,2599;65,0119;NULL
2018-05-21 08:56:20.0;NO;147,0033;-54,5633;111,97122;268,2599;65,0119;NULL
2018-05-21 08:56:40.0;NO;148,3767;-47,59;108,26152;268,2599;65,0119;NULL
2018-05-21 08:57:40.0;NO;157,085;-29,13;112,095375;268,2599;65,0119;NULL
2018-05-21 08:58:20.0;NO;158,475;-15,2016;101,4221;268,2599;65,0119;NULL
2018-05-21 08:59:00.0;NO;158,8067;-1,9233;106,553055;268,2599;65,0119;NULL
2018-05-21 08:59:20.0;NO;161,2;4,3917;103,69943;268,2599;65,0119;NULL
2018-05-21 08:59:40.0;NO;162,5667;11,18;101,66113;268,2599;65,0119;NULL
2018-05-21 09:00:20.0;NO;162,515;21,8317;76,84576;268,2599;65,0119;NULL
2018-05-21 09:00:40.0;NO;162,2;26,8984;75,0817;268,2599;65,0119;NULL
2018-05-21 09:01:00.0;NO;162,085;30,3484;33,746834;268,2599;65,0119;NULL
2018-05-21 09:01:40.0;NO;165,5733;31,9417;72,71172;268,2599;65,0119;NULL
2018-05-21 09:02:20.0;NO;173,505;33,9934;86,32385;268,2599;65,0119;NULL
2018-05-21 09:03:00.0;NO;178,4483;33,3017;5,838803;268,2599;65,0119;NULL
2018-05-21 09:03:40.0;NO;177,8067;29,8984;10,7177515;268,2599;65,0119;NULL
2018-05-21 09:04:00.0;NO;177,6917;29,7334;8,742454;268,2599;65,0119;NULL
2018-05-21 09:04:40.0;NO;176,7283;30,4317;0;268,2599;65,0119;NULL
2018-05-21 09:05:00.0;NO;176,7283;30,4317;0;268,2599;65,0119;NULL
2018-05-21 09:05:20.0;NO;176,7283;30,4317;0;268,2599;65,0119;NULL
2018-05-21 09:06:00.0;NO;176,7617;30,99;16,067362;268,2599;65,0119;NULL
2018-05-21 09:06:20.0;NO;177,3317;30,19;14,027209;268,2599;65,0119;NULL
2018-05-21 09:07:00.0;NO;178,5567;33,705;41,14957;268,2599;65,0119;NULL
2018-05-21 09:07:20.0;NO;179,505;35,8484;44,10881;268,2599;65,0119;NULL
2018-05-21 09:08:00.0;NO;184,3183;37,95;21,598568;268,2599;65,0119;NULL
2018-05-21 09:08:20.0;NO;186,695;38,525;62,577663;268,2599;65,0119;NULL
2018-05-21 09:08:40.0;NO;189,9383;39,7084;69,342964;268,2599;65,0119;NULL
2018-05-21 09:09:20.0;NO;195,3;41,785;44,58503;268,2599;65,0119;NULL
2018-05-21 09:10:00.0;NO;200,345;41,7067;71,29047;268,2599;65,0119;NULL
2018-05-21 09:10:40.0;NO;207,1533;43,1534;66,67835;268,2599;65,0119;NULL
2018-05-21 09:11:20.0;NO;214,085;44,9067;74,2108;268,2599;65,0119;NULL
2018-05-21 09:12:00.0;NO;219,2333;51,0834;66,42449;268,2599;65,0119;NULL
2018-05-21 09:12:40.0;NO;224,7967;56,01;69,7358;268,2599;65,0119;NULL
2018-05-21 09:13:00.0;NO;227,935;56,7334;67,98843;268,2599;65,0119;NULL
2018-05-21 09:13:20.0;NO;231,0283;58,9184;76,00079;268,2599;65,0119;NULL
2018-05-21 09:13:40.0;NO;233,8917;61,67;70,61227;268,2599;65,0119;NULL
2018-05-21 09:14:20.0;NO;239,1833;68,045;74,837105;268,2599;65,0119;NULL
2018-05-21 09:15:00.0;NO;245,3833;70,865;70,52888;268,2599;65,0119;NULL
2018-05-21 09:15:20.0;NO;246,8383;71,4417;0;268,2599;65,0119;NULL
2018-05-21 09:15:40.0;NO;246,8383;71,4417;0;268,2599;65,0119;NULL
2018-05-21 09:16:20.0;NO;247,9767;72,265;39,50225;268,2599;65,0119;NULL
2018-05-21 09:17:00.0;NO;250,74;75,63;29,288517;268,2599;65,0119;NULL
2018-05-21 09:17:20.0;NO;252,2467;77,49;47,51833;268,2599;65,0119;NULL
2018-05-21 09:17:40.0;NO;254,1283;78,605;41,523876;268,2599;65,0119;NULL
2018-05-21 09:18:00.0;NO;255,2233;78,765;40,49546;268,2599;65,0119;NULL
2018-05-21 09:18:20.0;NO;256,6183;78,5934;39,600464;268,2599;65,0119;NULL
2018-05-21 09:18:40.0;NO;258,125;77,4634;49,349094;268,2599;65,0119;NULL
2018-05-21 09:19:00.0;NO;260,25;75,02;59,31268;268,2599;65,0119;NULL
2018-05-21 09:19:20.0;NO;261,6833;71,8917;46,46212;268,2599;65,0119;NULL
2018-05-21 09:19:40.0;NO;263,675;70,7417;41,227398;268,2599;65,0119;YES
2018-05-21 09:20:20.0;NO;266,5633;66,8934;43,217518;268,2599;65,0119;YES
2018-05-21 09:21:00.0;NO;268,0567;64,92;0;268,2599;65,0119;YES
2018-05-21 09:21:00.0;YES;268,0567;64,92;0;268,2599;65,0119;YES
2018-05-23 16:58:06.0;NO;0;0;45,71351;-187,8513;52,269;NULL
2018-05-23 16:58:26.0;NO;-2,3783;0,7933;36,316948;-187,8513;52,269;NULL
2018-05-23 16:59:06.0;NO;-4,9766;5,9933;49,547367;-187,8513;52,269;NULL
2018-05-23 16:59:26.0;NO;-6,6066;7,3067;36,085323;-187,8513;52,269;NULL
2018-05-23 16:59:46.0;NO;-8,34;7,9667;35,927814;-187,8513;52,269;NULL
2018-05-23 17:00:06.0;NO;-9,0416;6,3933;27,63379;-187,8513;52,269;NULL
2018-05-23 17:00:26.0;NO;-11,3766;6,45;56,47388;-187,8513;52,269;NULL
2018-05-23 17:00:46.0;NO;-13,5466;4,1833;41,24963;-187,8513;52,269;NULL
2018-05-23 17:01:06.0;NO;-14,3766;3,5167;36,717194;-187,8513;52,269;NULL
2018-05-23 17:01:46.0;NO;-18,7933;-0,4517;73,48257;-187,8513;52,269;NULL
2018-05-23 17:02:06.0;NO;-21,7166;-0,1683;41,473843;-187,8513;52,269;NULL
2018-05-23 17:02:26.0;NO;-23,6966;-1,92;49,984673;-187,8513;52,269;NULL
2018-05-23 17:02:46.0;NO;-25,4833;-3,8683;51,00753;-187,8513;52,269;NULL
2018-05-23 17:03:26.0;NO;-29,3016;-8,6317;51,03347;-187,8513;52,269;NULL
2018-05-23 17:03:46.0;NO;-31,48;-11,1133;55,982834;-187,8513;52,269;NULL
2018-05-23 17:04:06.0;NO;-33,845;-13,2717;56,108837;-187,8513;52,269;NULL
2018-05-23 17:04:26.0;NO;-36,365;-14,485;53,686966;-187,8513;52,269;NULL
2018-05-23 17:05:06.0;NO;-41,5266;-16,4917;58,354675;-187,8513;52,269;NULL
2018-05-23 17:05:26.0;NO;-43,615;-18,28;52,797527;-187,8513;52,269;NULL
2018-05-23 17:05:46.0;NO;-45,0033;-21,43;53,864857;-187,8513;52,269;NULL
2018-05-23 17:06:06.0;NO;-47,1316;-23,885;58,59742;-187,8513;52,269;NULL
2018-05-23 17:06:26.0;NO;-49,2983;-26,1767;49,423214;-187,8513;52,269;NULL
2018-05-23 17:06:46.0;NO;-51,515;-27,4133;45,693127;-187,8513;52,269;NULL
2018-05-23 17:07:06.0;NO;-54,2716;-28,005;61,84758;-187,8513;52,269;NULL
2018-05-23 17:07:46.0;NO;-60,2383;-29,365;61,59372;-187,8513;52,269;NULL
2018-05-23 17:08:06.0;NO;-63,1783;-29,6617;52,89018;-187,8513;52,269;NULL
2018-05-23 17:08:26.0;NO;-65,205;-29,2233;46,141552;-187,8513;52,269;NULL
2018-05-23 17:08:46.0;NO;-67,5833;-29,5717;49,52513;-187,8513;52,269;NULL
2018-05-23 17:09:06.0;NO;-70,37;-29,77;52,47881;-187,8513;52,269;NULL
2018-05-23 17:09:26.0;NO;-72,6416;-31,2533;50,07547;-187,8513;52,269;NULL
2018-05-23 17:09:46.0;NO;-75,6933;-32,42;68,079216;-187,8513;52,269;NULL
2018-05-23 17:10:06.0;NO;-78,805;-33,0717;57,268814;-187,8513;52,269;NULL
2018-05-23 17:10:26.0;NO;-81,3583;-34,8683;45,38182;-187,8513;52,269;NULL
2018-05-23 17:10:46.0;NO;-82,39;-35,2083;40,321278;-187,8513;52,269;NULL
2018-05-23 17:11:26.0;NO;-85,3516;-38,56;39,97106;-187,8513;52,269;NULL
2018-05-23 17:11:46.0;NO;-85,8016;-40,1833;19,897514;-187,8513;52,269;NULL
2018-05-23 17:12:06.0;NO;-86,47;-38,62;40,449135;-187,8513;52,269;NULL
2018-05-23 17:12:26.0;NO;-89,2816;-37,58;71,425735;-187,8513;52,269;NULL
2018-05-23 17:12:46.0;NO;-92,7766;-38,9567;77,4239;-187,8513;52,269;NULL
2018-05-23 17:13:06.0;NO;-96,6333;-39,8033;78,897026;-187,8513;52,269;NULL
2018-05-23 17:13:26.0;NO;-99,8416;-40,6667;59,214466;-187,8513;52,269;NULL
2018-05-23 17:13:46.0;NO;-101,705;-42,4;39,48187;-187,8513;52,269;NULL
2018-05-23 17:14:07.0;NO;-101,5433;-42,6783;33,24838;-187,8513;52,269;NULL
2018-05-23 17:14:28.0;NO;-101,2497;-40,2916;5,490439;-187,8513;52,269;NULL
2018-05-23 17:14:48.0;NO;-101,1893;-40,0455;10,332328;-187,8513;52,269;NULL
2018-05-23 17:15:08.0;NO;-100,83;-39,15;23,192146;-187,8513;52,269;NULL
2018-05-23 17:15:28.0;NO;-99,975;-37,7533;36,622692;-187,8513;52,269;NULL
2018-05-23 17:16:06.0;NO;-98,1866;-35,05;13,408308;-187,8513;52,269;NULL
2018-05-23 17:16:26.0;NO;-97,7333;-34,5167;22,052551;-187,8513;52,269;NULL
2018-05-23 17:16:46.0;NO;-96,62;-32,48;44,635063;-187,8513;52,269;NULL
2018-05-23 17:17:26.0;NO;-96,3933;-27,0317;54,122425;-187,8513;52,269;NULL
2018-05-23 17:17:46.0;NO;-97,6633;-23,1083;71,69998;-187,8513;52,269;NULL
2018-05-23 17:18:06.0;NO;-99,7716;-18,365;86,66481;-187,8513;52,269;NULL
2018-05-23 17:18:26.0;NO;-102,085;-13,41;84,53756;-187,8513;52,269;NULL
2018-05-23 17:18:46.0;NO;-104,3;-8,395;87,046524;-187,8513;52,269;NULL
2018-05-23 17:19:06.0;NO;-106,51;-3,5167;83,65554;-187,8513;52,269;NULL
2018-05-23 17:19:46.0;NO;-110,345;5,1317;52,91427;-187,8513;52,269;NULL
2018-05-23 17:20:06.0;NO;-111,2916;7,235;25,919764;-187,8513;52,269;NULL
2018-05-23 17:20:26.0;NO;-112,12;9,0733;35,40527;-187,8513;52,269;NULL
2018-05-23 17:21:06.0;NO;-113,865;12,9617;10,486126;-187,8513;52,269;NULL
2018-05-23 17:21:26.0;NO;-114,6083;14,59;34,684452;-187,8513;52,269;NULL
2018-05-23 17:22:06.0;NO;-115,92;17,54;34,00996;-187,8513;52,269;NULL
2018-05-23 17:22:26.0;NO;-116,8516;19,5833;39,952534;-187,8513;52,269;NULL
2018-05-23 17:22:46.0;NO;-118,1266;22,33;44,87225;-187,8513;52,269;NULL
2018-05-23 17:23:06.0;NO;-118,995;24,31;35,021698;-187,8513;52,269;NULL
2018-05-23 17:23:26.0;NO;-119,7983;25,9833;9,457711;-187,8513;52,269;NULL
2018-05-23 17:23:46.0;NO;-119,7866;26,0033;0;-187,8513;52,269;NULL
2018-05-23 17:24:06.0;NO;-119,845;26,1217;0;-187,8513;52,269;NULL
2018-05-23 17:24:46.0;NO;-120,8316;28,235;39,139065;-187,8513;52,269;NULL
2018-05-23 17:25:06.0;NO;-122,0416;31,01;53,221863;-187,8513;52,269;NULL
2018-05-23 17:25:26.0;NO;-123,265;33,7317;33,826515;-187,8513;52,269;NULL
2018-05-23 17:26:06.0;NO;-124,5033;36,4783;38,266304;-187,8513;52,269;NULL
2018-05-23 17:26:26.0;NO;-125,565;38,75;49,221237;-187,8513;52,269;NULL
2018-05-23 17:27:06.0;NO;-127,0433;42,165;0;-187,8513;52,269;NULL
2018-05-23 17:27:26.0;NO;-127,5883;43,1633;37,6789;-187,8513;52,269;NULL
2018-05-23 17:27:46.0;NO;-129,1883;45,5117;55,60853;-187,8513;52,269;NULL
2018-05-23 17:28:06.0;NO;-130,38;47,1833;29,373756;-187,8513;52,269;NULL
2018-05-23 17:28:26.0;NO;-130,9783;48,015;0;-187,8513;52,269;NULL
2018-05-23 17:28:46.0;NO;-130,9783;48,0167;0;-187,8513;52,269;NULL
2018-05-23 17:29:26.0;NO;-131,3483;48,445;4,141455;-187,8513;52,269;NULL
2018-05-23 17:29:46.0;NO;-131,6983;48,8167;18,785715;-187,8513;52,269;NULL
2018-05-23 17:30:26.0;NO;-132,8633;49,87;0;-187,8513;52,269;NULL
2018-05-23 17:31:06.0;NO;-134,6716;51,345;42,898804;-187,8513;52,269;NULL
2018-05-23 17:31:26.0;NO;-135,9133;52,3417;0;-187,8513;52,269;NULL
2018-05-23 17:31:46.0;NO;-135,9116;52,3583;0;-187,8513;52,269;NULL
2018-05-23 17:32:06.0;NO;-136,475;52,81;11,3681555;-187,8513;52,269;NULL
2018-05-23 17:32:46.0;NO;-138,1966;54,1483;50,40901;-187,8513;52,269;NULL
2018-05-23 17:33:06.0;NO;-139,9283;55,495;15,9543295;-187,8513;52,269;NULL
2018-05-23 17:33:26.0;NO;-140,36;55,8383;27,928415;-187,8513;52,269;NULL
2018-05-23 17:33:46.0;NO;-141,675;56,85;27,322485;-187,8513;52,269;NULL
2018-05-23 17:34:06.0;NO;-142,71;57,6967;15,904299;-187,8513;52,269;NULL
2018-05-23 17:34:26.0;NO;-143,6;58,405;34,97167;-187,8513;52,269;NULL
2018-05-23 17:34:46.0;NO;-144,8766;59,4167;22,313826;-187,8513;52,269;NULL
2018-05-23 17:35:26.0;NO;-147,345;61,37;23,405241;-187,8513;52,269;NULL
2018-05-23 17:35:46.0;NO;-147,535;61,5267;0;-187,8513;52,269;NULL
2018-05-23 17:36:06.0;NO;-147,945;61,8767;30,891363;-187,8513;52,269;NULL
2018-05-23 17:36:26.0;NO;-149,7066;63,265;30,398466;-187,8513;52,269;NULL
2018-05-23 17:36:46.0;NO;-151,585;64,77;41,46643;-187,8513;52,269;NULL
2018-05-23 17:37:06.0;NO;-153,0266;65,86;16,910477;-187,8513;52,269;NULL
2018-05-23 17:37:26.0;NO;-154,4666;66,9917;36,59675;-187,8513;52,269;NULL
2018-05-23 17:38:06.0;NO;-156,3066;68,4217;27,504078;-187,8513;52,269;NULL
2018-05-23 17:38:26.0;NO;-157,81;69,5433;38,38304;-187,8513;52,269;NULL
2018-05-23 17:38:46.0;NO;-159,07;70,5867;30,804274;-187,8513;52,269;NULL
2018-05-23 17:39:26.0;NO;-162,39;73,0833;35,019848;-187,8513;52,269;NULL
2018-05-23 17:39:46.0;NO;-163,71;74,1567;34,154495;-187,8513;52,269;NULL
2018-05-23 17:40:06.0;NO;-165,5833;75,18;48,75984;-187,8513;52,269;NULL
2018-05-23 17:40:26.0;NO;-167,195;75,335;39,287304;-187,8513;52,269;NULL
2018-05-23 17:41:06.0;NO;-170,5233;68,3767;61,60484;-187,8513;52,269;NULL
2018-05-23 17:41:26.0;NO;-172,2583;65,035;59,833366;-187,8513;52,269;NULL
2018-05-23 17:41:46.0;NO;-173,2833;61,4383;49,50845;-187,8513;52,269;NULL
2018-05-23 17:42:06.0;NO;-172,3533;59,4333;29,208838;-187,8513;52,269;NULL
2018-05-23 17:42:26.0;NO;-173,9;60,2133;53,116245;-187,8513;52,269;NULL
2018-05-23 17:42:46.0;NO;-175,8283;62,0733;29,788828;-187,8513;52,269;NULL
2018-05-23 17:43:06.0;NO;-177,0733;61,4117;42,871006;-187,8513;52,269;NULL
2018-05-23 17:43:26.0;NO;-177,9166;57,5833;64,12306;-187,8513;52,269;NULL
2018-05-23 17:43:46.0;NO;-178,3883;54,3033;29,218105;-187,8513;52,269;NULL
2018-05-23 17:44:06.0;NO;-178,9933;54,04;16,389786;-187,8513;52,269;NULL
2018-05-23 17:44:46.0;NO;-180,4133;54,34;38,885204;-187,8513;52,269;YES
2018-05-23 17:45:06.0;NO;-182,2316;54,8483;30,555967;-187,8513;52,269;YES
2018-05-23 17:45:26.0;NO;-183,1033;54,3783;31,263813;-187,8513;52,269;YES
2018-05-23 17:45:46.0;NO;-183,575;52,2067;34,621452;-187,8513;52,269;YES
2018-05-23 17:46:06.0;NO;-183,6733;51,1183;0;-187,8513;52,269;YES
2018-05-23 17:46:26.0;NO;-183,715;50,5483;20,16249;-187,8513;52,269;YES
2018-05-23 17:47:06.0;NO;-186,7066;51,01;54,168747;-187,8513;52,269;YES
2018-05-23 17:47:26.0;NO;-189,2083;52,825;55,979126;-187,8513;52,269;YES
2018-05-23 17:47:46.0;NO;-189,1666;53,3117;33,19835;-187,8513;52,269;YES
2018-05-23 17:48:26.0;NO;-187,5533;52,3767;0;-187,8513;52,269;YES
2018-05-23 17:48:46.0;NO;-187,5533;52,3767;0;-187,8513;52,269;YES
2018-05-23 17:48:46.0;YES;-187,5533;52,3767;0;-187,8513;52,269;YES
2018-05-23 20:24:25.0;NO;0;0;5,907364;191,8849;-58,4215;NULL
2018-05-23 20:25:05.0;NO;2,9033;-2,0834;39,71905;191,8849;-58,4215;NULL
2018-05-23 20:25:25.0;NO;3,78;-1,3;35,04949;191,8849;-58,4215;NULL
2018-05-23 20:26:05.0;NO;4,5333;2,97;18,22796;191,8849;-58,4215;NULL
2018-05-23 20:26:25.0;NO;5,8167;2,59;42,515232;191,8849;-58,4215;NULL
2018-05-23 20:27:05.0;NO;8,2317;1,9633;32,444176;191,8849;-58,4215;NULL
2018-05-23 20:27:25.0;NO;9,1733;2,1616;29,82774;191,8849;-58,4215;NULL
2018-05-23 20:28:05.0;NO;10,045;7,9716;44,96119;191,8849;-58,4215;NULL
2018-05-23 20:28:25.0;NO;10,8367;10,1616;5,838803;191,8849;-58,4215;NULL
2018-05-23 20:29:05.0;NO;14,2533;10,8333;62,677723;191,8849;-58,4215;NULL
2018-05-23 20:29:25.0;NO;15,365;15,19;69,632034;191,8849;-58,4215;NULL
2018-05-23 20:30:05.0;NO;19,2717;22,285;56,069927;191,8849;-58,4215;NULL
2018-05-23 20:30:25.0;NO;20,015;25,7883;58,187904;191,8849;-58,4215;NULL
2018-05-23 20:31:05.0;NO;24,7117;21,565;79,66602;191,8849;-58,4215;NULL
2018-05-23 20:31:45.0;NO;32,3267;15,4966;90,87112;191,8849;-58,4215;NULL
2018-05-23 20:32:05.0;NO;36,2417;12,41;91,93103;191,8849;-58,4215;NULL
2018-05-23 20:32:45.0;NO;44,0067;6,345;91,09718;191,8849;-58,4215;NULL
2018-05-23 20:33:25.0;NO;51,4133;0,4966;86,11817;191,8849;-58,4215;NULL
2018-05-23 20:33:45.0;NO;55,175;-2,5084;87,01873;191,8849;-58,4215;NULL
2018-05-23 20:34:25.0;NO;61,1417;-11,2267;94,49188;191,8849;-58,4215;NULL
2018-05-23 20:35:05.0;NO;65,705;-21,3384;88,09532;191,8849;-58,4215;NULL
2018-05-23 20:35:25.0;NO;67,97;-26,3817;87,59316;191,8849;-58,4215;NULL
2018-05-23 20:35:45.0;NO;70,14;-31,1967;78,867386;191,8849;-58,4215;NULL
2018-05-23 20:36:25.0;NO;73,9267;-39,5317;74,70554;191,8849;-58,4215;NULL
2018-05-23 20:37:05.0;NO;78,0067;-48,59;78,55052;191,8849;-58,4215;NULL
2018-05-23 20:37:25.0;NO;80,145;-53,3484;86,403534;191,8849;-58,4215;NULL
2018-05-23 20:38:05.0;NO;84,6533;-63,3234;85,427;191,8849;-58,4215;NULL
2018-05-23 20:38:25.0;NO;86,845;-68,215;85,87357;191,8849;-58,4215;NULL
2018-05-23 20:39:05.0;NO;91,075;-77,96;80,9483;191,8849;-58,4215;NULL
2018-05-23 20:39:25.0;NO;91,4367;-82,8567;64,75309;191,8849;-58,4215;NULL
2018-05-23 20:40:05.0;NO;87,91;-90,11;69,018684;191,8849;-58,4215;NULL
2018-05-23 20:40:25.0;NO;86,6483;-93,1234;34,72151;191,8849;-58,4215;NULL
2018-05-23 20:41:05.0;NO;91,385;-91,8484;66,63017;191,8849;-58,4215;NULL
2018-05-23 20:41:25.0;NO;94,535;-90,8867;65,35902;191,8849;-58,4215;NULL
2018-05-23 20:42:05.0;NO;100,4017;-90,125;47,414562;191,8849;-58,4215;NULL
2018-05-23 20:42:25.0;NO;101,97;-90,0717;27,791292;191,8849;-58,4215;NULL
2018-05-23 20:43:05.0;NO;105,5133;-87,1167;63,513424;191,8849;-58,4215;NULL
2018-05-23 20:43:25.0;NO;107,9617;-85,53;53,308956;191,8849;-58,4215;NULL
2018-05-23 20:44:05.0;NO;113,11;-84,0034;72,680214;191,8849;-58,4215;NULL
2018-05-23 20:44:25.0;NO;116,3833;-82,31;67,6345;191,8849;-58,4215;NULL
2018-05-23 20:45:05.0;NO;122,435;-81,3784;67,28428;191,8849;-58,4215;NULL
2018-05-23 20:45:25.0;NO;125,8633;-81,93;71,08108;191,8849;-58,4215;NULL
2018-05-23 20:46:05.0;NO;132,4367;-80,2634;66,452286;191,8849;-58,4215;NULL
2018-05-23 20:46:25.0;NO;135,85;-79,7317;68,162605;191,8849;-58,4215;NULL
2018-05-23 20:47:05.0;NO;141,07;-75,1817;60,77099;191,8849;-58,4215;NULL
2018-05-23 20:47:25.0;NO;143,1683;-71,835;76,280594;191,8849;-58,4215;NULL
2018-05-23 20:48:05.0;NO;148,9083;-67,0917;69,365204;191,8849;-58,4215;NULL
2018-05-23 20:48:25.0;NO;152,2;-66,6234;67,734566;191,8849;-58,4215;NULL
2018-05-23 20:49:05.0;NO;157,6933;-61,5817;66,53011;191,8849;-58,4215;NULL
2018-05-23 20:49:25.0;NO;159,8;-58,395;66,15395;191,8849;-58,4215;NULL
2018-05-23 20:50:05.0;NO;164,5533;-53,57;50,249653;191,8849;-58,4215;NULL
2018-05-23 20:50:25.0;NO;166,9983;-52,8784;62,097733;191,8849;-58,4215;NULL
2018-05-23 20:51:05.0;NO;171,8333;-50,675;47,4683;191,8849;-58,4215;NULL
2018-05-23 20:51:25.0;NO;173,6183;-48,2467;44,67027;191,8849;-58,4215;NULL
2018-05-23 20:52:05.0;NO;176,52;-45,0767;47,898197;191,8849;-58,4215;NULL
2018-05-23 20:52:25.0;NO;178,4867;-45,65;26,649847;191,8849;-58,4215;NULL
2018-05-23 20:53:05.0;NO;180,6417;-45,0134;20,844397;191,8849;-58,4215;NULL
2018-05-23 20:53:25.0;NO;181,9317;-46,165;41,727707;191,8849;-58,4215;NULL
2018-05-23 20:54:05.0;NO;185,2983;-51,3534;49,32501;191,8849;-58,4215;NULL
2018-05-23 20:54:45.0;NO;189,3117;-55,205;51,140945;191,8849;-58,4215;YES
2018-05-23 20:55:25.0;NO;191,7567;-58,55;4,0673347;191,8849;-58,4215;YES
2018-05-23 20:55:25.0;YES;191,7567;-58,55;1,1298152;191,8849;-58,4215;YES
2018-05-25 16:54:44.0;NO;0;0;57,392967;-186,2297;52,3573;NULL
2018-05-25 16:55:04.0;NO;-1,4767;2,955;59,03658;-186,2297;52,3573;NULL
2018-05-25 16:55:24.0;NO;-3,9534;5,8633;55,462143;-186,2297;52,3573;NULL
2018-05-25 16:55:44.0;NO;-5,73;7,22;39,980328;-186,2297;52,3573;NULL
2018-05-25 16:56:04.0;NO;-7,33;7,5616;32,464558;-186,2297;52,3573;NULL
2018-05-25 16:56:24.0;NO;-8,69;7,4583;55,230515;-186,2297;52,3573;NULL
2018-05-25 16:56:44.0;NO;-10,89;5,295;60,14282;-186,2297;52,3573;NULL
2018-05-25 16:57:24.0;NO;-14,3817;1,2283;64,21016;-186,2297;52,3573;NULL
2018-05-25 16:58:04.0;NO;-20,8384;-0,6834;63,683903;-186,2297;52,3573;NULL
2018-05-25 16:58:44.0;NO;-26,7484;-7,2534;77,98721;-186,2297;52,3573;NULL
2018-05-25 16:59:04.0;NO;-29,4834;-10,7934;74,733345;-186,2297;52,3573;NULL
2018-05-25 16:59:24.0;NO;-32,455;-13,5684;72,06688;-186,2297;52,3573;NULL
2018-05-25 17:00:04.0;NO;-38,815;-15,9517;65,064384;-186,2297;52,3573;NULL
2018-05-25 17:00:44.0;NO;-43,2467;-20,9617;64,29724;-186,2297;52,3573;NULL
2018-05-25 17:01:04.0;NO;-45,5784;-23,8684;66,980385;-186,2297;52,3573;NULL
2018-05-25 17:01:44.0;NO;-50,7767;-27,7834;57,767273;-186,2297;52,3573;NULL
2018-05-25 17:02:24.0;NO;-56,6684;-28,5484;59,029167;-186,2297;52,3573;NULL
2018-05-25 17:02:44.0;NO;-59,92;-29,6584;72,38003;-186,2297;52,3573;NULL
2018-05-25 17:03:24.0;NO;-65,3017;-29,5784;57,2262;-186,2297;52,3573;NULL
2018-05-25 17:03:44.0;NO;-68,2734;-29,5917;57,398525;-186,2297;52,3573;NULL
2018-05-25 17:04:24.0;NO;-72,7634;-31,7967;64,102684;-186,2297;52,3573;NULL
2018-05-25 17:04:44.0;NO;-75,7534;-32,7267;63,03721;-186,2297;52,3573;NULL
2018-05-25 17:05:04.0;NO;-78,45;-33,7217;53,414574;-186,2297;52,3573;NULL
2018-05-25 17:05:24.0;NO;-80,7484;-34,9884;52,82347;-186,2297;52,3573;NULL
2018-05-25 17:05:44.0;NO;-82,885;-35,3817;29,75362;-186,2297;52,3573;NULL
2018-05-25 17:06:24.0;NO;-84,1134;-39,7017;25,08406;-186,2297;52,3573;NULL
2018-05-25 17:07:04.0;NO;-87,625;-37,3684;76,0082;-186,2297;52,3573;NULL
2018-05-25 17:07:24.0;NO;-91,41;-38,8367;78,68023;-186,2297;52,3573;NULL
2018-05-25 17:08:04.0;NO;-98,595;-41,32;68,85192;-186,2297;52,3573;NULL
2018-05-25 17:08:44.0;NO;-99,8234;-41,3617;38,97785;-186,2297;52,3573;NULL
2018-05-25 17:09:04.0;NO;-99,3234;-39,3584;15,489227;-186,2297;52,3573;NULL
2018-05-25 17:09:24.0;NO;-98,7467;-38,3667;25,037735;-186,2297;52,3573;NULL
2018-05-25 17:09:44.0;NO;-98,3067;-37,6367;0;-186,2297;52,3573;NULL
2018-05-25 17:10:04.0;NO;-98,2034;-37,4884;7,3804994;-186,2297;52,3573;NULL
2018-05-25 17:10:24.0;NO;-97,645;-36,6184;33,62454;-186,2297;52,3573;NULL
2018-05-25 17:10:44.0;NO;-96,2134;-34,6517;54,54676;-186,2297;52,3573;NULL
2018-05-25 17:11:04.0;NO;-94,8117;-31,7967;52,842;-186,2297;52,3573;NULL
2018-05-25 17:11:44.0;NO;-95,4317;-24,3084;74,59066;-186,2297;52,3573;NULL
2018-05-25 17:12:04.0;NO;-97,53;-19,6934;89,7445;-186,2297;52,3573;NULL
2018-05-25 17:12:24.0;NO;-99,8934;-14,505;89,38501;-186,2297;52,3573;NULL
2018-05-25 17:12:44.0;NO;-102,2417;-9,195;95,41097;-186,2297;52,3573;NULL
2018-05-25 17:13:04.0;NO;-104,6867;-3,8534;91,52523;-186,2297;52,3573;NULL
2018-05-25 17:13:24.0;NO;-107,065;1,425;94,51782;-186,2297;52,3573;NULL
2018-05-25 17:13:44.0;NO;-109,285;6,3233;76,43995;-186,2297;52,3573;NULL
2018-05-25 17:14:04.0;NO;-110,6684;9,4016;20,43303;-186,2297;52,3573;NULL
2018-05-25 17:14:24.0;NO;-110,865;9,8683;25,135944;-186,2297;52,3573;NULL
2018-05-25 17:15:04.0;NO;-112,8884;14,28;14,04018;-186,2297;52,3573;NULL
2018-05-25 17:15:24.0;NO;-113,1267;14,8766;20,203259;-186,2297;52,3573;NULL
2018-05-25 17:15:44.0;NO;-113,2967;15,275;0;-186,2297;52,3573;NULL
2018-05-25 17:16:04.0;NO;-113,2967;15,275;0;-186,2297;52,3573;NULL
2018-05-25 17:16:24.0;NO;-113,4734;15,69;26,56646;-186,2297;52,3573;NULL
2018-05-25 17:17:04.0;NO;-114,9984;19,075;39,03159;-186,2297;52,3573;NULL
2018-05-25 17:17:24.0;NO;-116,09;21,5133;54,068687;-186,2297;52,3573;NULL
2018-05-25 17:17:44.0;NO;-117,72;25,1416;66,91924;-186,2297;52,3573;NULL
2018-05-25 17:18:04.0;NO;-118,5467;26,97;17,017952;-186,2297;52,3573;NULL
2018-05-25 17:18:24.0;NO;-118,69;27,2933;10,923434;-186,2297;52,3573;NULL
2018-05-25 17:18:44.0;NO;-119,0267;28,0366;29,974129;-186,2297;52,3573;NULL
2018-05-25 17:19:24.0;NO;-119,5484;29,2833;0;-186,2297;52,3573;NULL
2018-05-25 17:19:44.0;NO;-120,065;30,3516;42,822826;-186,2297;52,3573;NULL
2018-05-25 17:20:04.0;NO;-120,72;31,8433;4,241517;-186,2297;52,3573;NULL
2018-05-25 17:20:24.0;NO;-121,2334;32,9816;40,825294;-186,2297;52,3573;NULL
2018-05-25 17:20:44.0;NO;-122,6534;36,1533;64,842026;-186,2297;52,3573;NULL
2018-05-25 17:21:04.0;NO;-123,7567;38,5983;27,457754;-186,2297;52,3573;NULL
2018-05-25 17:21:44.0;NO;-125,3867;42,14;22,943846;-186,2297;52,3573;NULL
2018-05-25 17:22:04.0;NO;-126,33;43,8616;29,90186;-186,2297;52,3573;NULL
2018-05-25 17:22:24.0;NO;-126,82;44,58;0;-186,2297;52,3573;NULL
2018-05-25 17:23:04.0;NO;-126,9584;44,7766;0;-186,2297;52,3573;NULL
2018-05-25 17:23:24.0;NO;-127,21;45,1233;12,568899;-186,2297;52,3573;NULL
2018-05-25 17:23:44.0;NO;-127,4684;45,475;0;-186,2297;52,3573;NULL
2018-05-25 17:24:04.0;NO;-127,6984;45,7833;25,071089;-186,2297;52,3573;NULL
2018-05-25 17:24:44.0;NO;-128,535;46,9216;11,521954;-186,2297;52,3573;NULL
2018-05-25 17:25:04.0;NO;-129,125;47,715;7,148874;-186,2297;52,3573;NULL
2018-05-25 17:25:24.0;NO;-129,2984;47,9116;4,686237;-186,2297;52,3573;NULL
2018-05-25 17:26:04.0;NO;-129,8117;48,5516;20,959282;-186,2297;52,3573;NULL
2018-05-25 17:26:44.0;NO;-130,4567;49,225;22,769665;-186,2297;52,3573;NULL
2018-05-25 17:27:04.0;NO;-131,7817;50,4083;39,787613;-186,2297;52,3573;NULL
2018-05-25 17:27:44.0;NO;-134,1;52,2366;34,110023;-186,2297;52,3573;NULL
2018-05-25 17:28:04.0;NO;-134,4784;52,5333;0;-186,2297;52,3573;NULL
2018-05-25 17:28:44.0;NO;-135,6767;53,43;44,173664;-186,2297;52,3573;NULL
2018-05-25 17:29:04.0;NO;-137,905;55,19;57,01125;-186,2297;52,3573;NULL
2018-05-25 17:29:44.0;NO;-139,8717;56,765;0;-186,2297;52,3573;NULL
2018-05-25 17:30:24.0;NO;-141,25;57,8666;32,2422;-186,2297;52,3573;NULL
2018-05-25 17:31:04.0;NO;-144,1667;60,15;32,69989;-186,2297;52,3573;NULL
2018-05-25 17:31:24.0;NO;-145,68;61,3766;31,499147;-186,2297;52,3573;NULL
2018-05-25 17:31:44.0;NO;-146,4417;62,0066;0;-186,2297;52,3573;NULL
2018-05-25 17:32:04.0;NO;-146,4417;62,0066;0;-186,2297;52,3573;NULL
2018-05-25 17:32:24.0;NO;-147,1884;62,5833;35,16994;-186,2297;52,3573;NULL
2018-05-25 17:32:44.0;NO;-148,2067;63,3666;18,819069;-186,2297;52,3573;NULL
2018-05-25 17:33:04.0;NO;-148,5134;63,605;0;-186,2297;52,3573;NULL
2018-05-25 17:33:24.0;NO;-149,3417;64,2633;34,343502;-186,2297;52,3573;NULL
2018-05-25 17:34:04.0;NO;-151,0634;65,6183;30,127928;-186,2297;52,3573;NULL
2018-05-25 17:34:44.0;NO;-153,41;67,4783;32,861103;-186,2297;52,3573;NULL
2018-05-25 17:35:24.0;NO;-156,225;69,7383;41,058773;-186,2297;52,3573;NULL
2018-05-25 17:36:04.0;NO;-159,555;72,28;28,888271;-186,2297;52,3573;NULL
2018-05-25 17:36:24.0;NO;-160,935;73,3383;37,617752;-186,2297;52,3573;NULL
2018-05-25 17:36:44.0;NO;-162,1967;74,3016;27,21501;-186,2297;52,3573;NULL
2018-05-25 17:37:04.0;NO;-164,055;75,395;54,557877;-186,2297;52,3573;NULL
2018-05-25 17:37:44.0;NO;-168,2634;70,6266;72,56533;-186,2297;52,3573;NULL
2018-05-25 17:38:04.0;NO;-170,0434;66,43;73,225;-186,2297;52,3573;NULL
2018-05-25 17:38:44.0;NO;-171,055;59,8016;41,725853;-186,2297;52,3573;NULL
2018-05-25 17:39:24.0;NO;-174,1434;62,1233;48,055702;-186,2297;52,3573;NULL
2018-05-25 17:39:44.0;NO;-175,4367;61,4366;44,36823;-186,2297;52,3573;NULL
2018-05-25 17:40:24.0;NO;-176,735;54,7233;13,28601;-186,2297;52,3573;NULL
2018-05-25 17:40:44.0;NO;-176,7484;54,6666;0;-186,2297;52,3573;NULL
2018-05-25 17:41:04.0;NO;-176,75;54,6;5,182841;-186,2297;52,3573;NULL
2018-05-25 17:41:24.0;NO;-176,8067;54,07;0;-186,2297;52,3573;NULL
2018-05-25 17:41:44.0;NO;-177,1367;54,0016;16,286016;-186,2297;52,3573;NULL
2018-05-25 17:42:04.0;NO;-178,3884;54,3583;30,389198;-186,2297;52,3573;NULL
2018-05-25 17:42:24.0;NO;-179,7717;54,735;25,860466;-186,2297;52,3573;YES
2018-05-25 17:43:04.0;NO;-180,9984;55,0683;6,074134;-186,2297;52,3573;YES
2018-05-25 17:43:44.0;NO;-181,8417;53,145;28,365723;-186,2297;52,3573;YES
2018-05-25 17:44:04.0;NO;-182,02;51,7533;0;-186,2297;52,3573;YES
2018-05-25 17:44:24.0;NO;-182,03;51,595;13,235978;-186,2297;52,3573;YES
2018-05-25 17:45:04.0;NO;-182,3967;50,2483;23,02723;-186,2297;52,3573;YES
2018-05-25 17:45:24.0;NO;-184,39;50,6316;52,60111;-186,2297;52,3573;YES
2018-05-25 17:46:04.0;NO;-187,9784;53,595;19,767803;-186,2297;52,3573;YES
2018-05-25 17:46:24.0;NO;-186,265;52,4633;36,187237;-186,2297;52,3573;YES
2018-05-25 17:47:04.0;NO;-185,9317;52,435;0;-186,2297;52,3573;YES
2018-05-25 17:47:04.0;YES;-185,9317;52,435;0;-186,2297;52,3573;YES
2018-05-26 17:14:52.0;NO;0;0;51,027912;-188,9197;52,724;NULL
2018-05-26 17:15:12.0;NO;-1,5734;0;46,797512;-188,9197;52,724;NULL
2018-05-26 17:15:32.0;NO;-3,4984;1,5967;32,609093;-188,9197;52,724;NULL
2018-05-26 17:16:12.0;NO;-6,8817;6,6833;50,41457;-188,9197;52,724;NULL
2018-05-26 17:16:52.0;NO;-9,7567;7,5083;37,341656;-188,9197;52,724;NULL
2018-05-26 17:17:12.0;NO;-11,1684;7,7417;50,02544;-188,9197;52,724;NULL
2018-05-26 17:17:52.0;NO;-15,0534;4,2533;35,81293;-188,9197;52,724;NULL
2018-05-26 17:18:12.0;NO;-16,8034;1,7117;61,3343;-188,9197;52,724;NULL
2018-05-26 17:18:32.0;NO;-19,8034;-0,1167;75,80067;-188,9197;52,724;NULL
2018-05-26 17:18:52.0;NO;-23,4167;-0,1683;62,851902;-188,9197;52,724;NULL
2018-05-26 17:19:12.0;NO;-26,1717;-3,27;74,942726;-188,9197;52,724;NULL
2018-05-26 17:19:52.0;NO;-31,98;-10,2767;81,5635;-188,9197;52,724;NULL
2018-05-26 17:20:12.0;NO;-35,34;-13,4533;80,564735;-188,9197;52,724;NULL
2018-05-26 17:20:32.0;NO;-39,26;-14,21;78,796974;-188,9197;52,724;NULL
2018-05-26 17:21:12.0;NO;-45,6;-19,5733;79,07307;-188,9197;52,724;NULL
2018-05-26 17:21:52.0;NO;-51,425;-26,42;83,23862;-188,9197;52,724;NULL
2018-05-26 17:22:12.0;NO;-55,2884;-27,595;73,45663;-188,9197;52,724;NULL
2018-05-26 17:22:52.0;NO;-61,93;-29,13;68,72962;-188,9197;52,724;NULL
2018-05-26 17:23:12.0;NO;-64,99;-28,9433;57,557884;-188,9197;52,724;NULL
2018-05-26 17:23:32.0;NO;-67,7617;-29,2117;56,611004;-188,9197;52,724;NULL
2018-05-26 17:24:12.0;NO;-73,7767;-30,8;65,38125;-188,9197;52,724;NULL
2018-05-26 17:24:32.0;NO;-76,8684;-31,93;61,50292;-188,9197;52,724;NULL
2018-05-26 17:24:52.0;NO;-79,3417;-32,37;47,970463;-188,9197;52,724;NULL
2018-05-26 17:25:32.0;NO;-84,3034;-34,855;55,211987;-188,9197;52,724;NULL
2018-05-26 17:26:12.0;NO;-86,6117;-38,4883;35,52386;-188,9197;52,724;NULL
2018-05-26 17:26:32.0;NO;-87,17;-39,47;27,013033;-188,9197;52,724;NULL
2018-05-26 17:27:12.0;NO;-90,9534;-36,8767;73,100845;-188,9197;52,724;NULL
2018-05-26 17:27:32.0;NO;-94,445;-38,6083;71,44797;-188,9197;52,724;NULL
2018-05-26 17:28:12.0;NO;-101,085;-40,5983;59,234848;-188,9197;52,724;NULL
2018-05-26 17:28:32.0;NO;-103,125;-41,7883;37,73264;-188,9197;52,724;NULL
2018-05-26 17:28:52.0;NO;-102,5784;-41,515;45,939575;-188,9197;52,724;NULL
2018-05-26 17:29:32.0;NO;-98,685;-33,945;93,34116;-188,9197;52,724;NULL
2018-05-26 17:29:52.0;NO;-97,4134;-28,95;86,37574;-188,9197;52,724;NULL
2018-05-26 17:30:32.0;NO;-100,6867;-18,3233;95,72783;-188,9197;52,724;NULL
2018-05-26 17:30:52.0;NO;-103,2634;-12,6233;98,90388;-188,9197;52,724;NULL
2018-05-26 17:31:12.0;NO;-105,7867;-7,0683;95,48694;-188,9197;52,724;NULL
2018-05-26 17:31:32.0;NO;-108,2034;-1,68;93,86742;-188,9197;52,724;NULL
2018-05-26 17:31:52.0;NO;-110,6917;3,8183;95,66298;-188,9197;52,724;NULL
2018-05-26 17:32:12.0;NO;-113,1134;9,1867;95,87607;-188,9197;52,724;NULL
2018-05-26 17:32:52.0;NO;-117,8817;19,85;93,4579;-188,9197;52,724;NULL
2018-05-26 17:33:12.0;NO;-120,3984;25,3367;94,03048;-188,9197;52,724;NULL
2018-05-26 17:33:52.0;NO;-125,29;36,1617;92,75932;-188,9197;52,724;NULL
2018-05-26 17:34:12.0;NO;-127,76;41,65;94,91436;-188,9197;52,724;NULL
2018-05-26 17:34:32.0;NO;-130,3617;46,075;82,38067;-188,9197;52,724;NULL
2018-05-26 17:34:52.0;NO;-133,7817;50,165;96,77107;-188,9197;52,724;NULL
2018-05-26 17:35:12.0;NO;-137,4617;53,0733;75,61537;-188,9197;52,724;NULL
2018-05-26 17:35:32.0;NO;-141,0634;55,925;95,44432;-188,9197;52,724;NULL
2018-05-26 17:36:12.0;NO;-149,0667;62,2983;97,41777;-188,9197;52,724;NULL
2018-05-26 17:36:32.0;NO;-153,1867;65,5617;93,99712;-188,9197;52,724;NULL
2018-05-26 17:36:52.0;NO;-157,245;68,715;92,42208;-188,9197;52,724;NULL
2018-05-26 17:37:32.0;NO;-164,59;74,4683;70,953224;-188,9197;52,724;NULL
2018-05-26 17:37:52.0;NO;-167,4967;76,2783;66,526405;-188,9197;52,724;NULL
2018-05-26 17:38:32.0;NO;-172,2017;67,725;89,62405;-188,9197;52,724;NULL
2018-05-26 17:38:52.0;NO;-173,7817;63,8717;48,541187;-188,9197;52,724;NULL
2018-05-26 17:39:32.0;NO;-173,6167;59,44;32,394146;-188,9197;52,724;NULL
2018-05-26 17:39:52.0;NO;-175,6884;61,465;53,62767;-188,9197;52,724;NULL
2018-05-26 17:40:12.0;NO;-177,2734;62,6617;27,694939;-188,9197;52,724;NULL
2018-05-26 17:40:32.0;NO;-178,3867;61,1167;54,82656;-188,9197;52,724;NULL
2018-05-26 17:41:12.0;NO;-179,4984;54,5383;0;-188,9197;52,724;NULL
2018-05-26 17:41:52.0;NO;-180,8884;54,7083;43,951305;-188,9197;52,724;NULL
2018-05-26 17:42:12.0;NO;-183,0034;55,2183;26,520136;-188,9197;52,724;YES
2018-05-26 17:42:32.0;NO;-183,31;55,3383;0;-188,9197;52,724;YES
2018-05-26 17:42:52.0;NO;-183,7134;55,4583;9,983964;-188,9197;52,724;YES
2018-05-26 17:43:12.0;NO;-183,9667;55,52;8,455238;-188,9197;52,724;YES
2018-05-26 17:43:32.0;NO;-184,1334;54,805;26,030943;-188,9197;52,724;YES
2018-05-26 17:43:52.0;NO;-184,5334;53,195;34,87902;-188,9197;52,724;YES
2018-05-26 17:44:32.0;NO;-184,7534;51,4017;23,655397;-188,9197;52,724;YES
2018-05-26 17:44:52.0;NO;-185,1917;50,5767;31,221197;-188,9197;52,724;YES
2018-05-26 17:45:12.0;NO;-187,4967;51,2967;53,83521;-188,9197;52,724;YES
2018-05-26 17:45:32.0;NO;-190,0117;53,0917;45,518944;-188,9197;52,724;YES
2018-05-26 17:45:52.0;NO;-190,7084;53,905;14,301454;-188,9197;52,724;YES
2018-05-26 17:46:12.0;NO;-189,215;53,025;41,07545;-188,9197;52,724;YES
2018-05-26 17:46:52.0;NO;-188,4617;52,67;0;-188,9197;52,724;YES
2018-05-26 17:46:52.0;YES;-188,4617;52,67;0;-188,9197;52,724;YES
2018-05-27 08:20:14.0;NO;0;0;58,247204;-186,0963;52,0457;NULL
2018-05-27 08:20:34.0;NO;-1,41;2,8967;55,60853;-186,0963;52,0457;NULL
2018-05-27 08:20:54.0;NO;-3,39;5,4017;46,460266;-186,0963;52,0457;NULL
2018-05-27 08:21:14.0;NO;-5,0333;6,75;40,261982;-186,0963;52,0457;NULL
2018-05-27 08:21:34.0;NO;-6,7566;7,83;33,85431;-186,0963;52,0457;NULL
2018-05-27 08:21:54.0;NO;-7,5766;6,5417;34,94573;-186,0963;52,0457;NULL
2018-05-27 08:22:34.0;NO;-11,41;4,1934;53,138477;-186,0963;52,0457;NULL
2018-05-27 08:23:14.0;NO;-14,7866;0,33;60,88031;-186,0963;52,0457;NULL
2018-05-27 08:23:34.0;NO;-18,1066;-0,845;66,77471;-186,0963;52,0457;NULL
2018-05-27 08:24:14.0;NO;-23,9116;-4,3316;81,35041;-186,0963;52,0457;NULL
2018-05-27 08:24:54.0;NO;-29,5166;-11,2383;79,61785;-186,0963;52,0457;NULL
2018-05-27 08:25:14.0;NO;-32,78;-14,3183;69,989655;-186,0963;52,0457;NULL
2018-05-27 08:25:54.0;NO;-39,865;-16,875;73,60857;-186,0963;52,0457;NULL
2018-05-27 08:26:14.0;NO;-42,575;-19,905;78,074295;-186,0963;52,0457;NULL
2018-05-27 08:26:34.0;NO;-45,0616;-23,7416;75,4171;-186,0963;52,0457;NULL
2018-05-27 08:27:14.0;NO;-51,675;-28,26;77,98721;-186,0963;52,0457;NULL
2018-05-27 08:27:54.0;NO;-59,2816;-29,845;75,1095;-186,0963;52,0457;NULL
2018-05-27 08:28:14.0;NO;-62,7766;-29,495;66,69688;-186,0963;52,0457;NULL
2018-05-27 08:28:34.0;NO;-65,7916;-29,77;64,7049;-186,0963;52,0457;NULL
2018-05-27 08:29:14.0;NO;-68,8633;-30,0416;31,721508;-186,0963;52,0457;NULL
2018-05-27 08:29:54.0;NO;-73,995;-32,58;65,59805;-186,0963;52,0457;NULL
2018-05-27 08:30:34.0;NO;-78,2833;-33,9366;47,29597;-186,0963;52,0457;NULL
2018-05-27 08:30:54.0;NO;-80,8183;-35,3183;55,00445;-186,0963;52,0457;NULL
2018-05-27 08:31:14.0;NO;-83,155;-35,825;47,501656;-186,0963;52,0457;NULL
2018-05-27 08:31:54.0;NO;-84,105;-40,2516;5,8091545;-186,0963;52,0457;NULL
2018-05-27 08:32:34.0;NO;-87,8483;-37,59;75,3615;-186,0963;52,0457;NULL
2018-05-27 08:32:54.0;NO;-91,32;-39,095;73,99214;-186,0963;52,0457;NULL
2018-05-27 08:33:14.0;NO;-94,85;-39,9916;70,94952;-186,0963;52,0457;NULL
2018-05-27 08:33:34.0;NO;-97,8066;-40,3983;53,63879;-186,0963;52,0457;NULL
2018-05-27 08:34:14.0;NO;-100,0233;-43,195;37,75487;-186,0963;52,0457;NULL
2018-05-27 08:34:54.0;NO;-97,0966;-36,1216;84,33373;-186,0963;52,0457;NULL
2018-05-27 08:35:14.0;NO;-94,7116;-31,555;87,984146;-186,0963;52,0457;NULL
2018-05-27 08:35:54.0;NO;-96,9133;-21,1183;96,08176;-186,0963;52,0457;NULL
2018-05-27 08:36:34.0;NO;-102,0016;-9,7583;105,29672;-186,0963;52,0457;NULL
2018-05-27 08:36:54.0;NO;-104,8633;-3,5166;105,89339;-186,0963;52,0457;NULL
2018-05-27 08:37:14.0;NO;-107,59;2,525;106,03792;-186,0963;52,0457;NULL
2018-05-27 08:37:34.0;NO;-110,335;8,6134;106,79951;-186,0963;52,0457;NULL
2018-05-27 08:37:54.0;NO;-112,9966;14,5034;102,06694;-186,0963;52,0457;NULL
2018-05-27 08:38:34.0;NO;-118,2416;26,08;101,737114;-186,0963;52,0457;NULL
2018-05-27 08:38:54.0;NO;-120,8466;31,86;95,913124;-186,0963;52,0457;NULL
2018-05-27 08:39:14.0;NO;-123,3316;37,44;98,72969;-186,0963;52,0457;NULL
2018-05-27 08:39:54.0;NO;-129,4366;47,8267;100,223206;-186,0963;52,0457;NULL
2018-05-27 08:40:34.0;NO;-137,6783;54,835;84,90075;-186,0963;52,0457;NULL
2018-05-27 08:40:54.0;NO;-141,9166;58,1784;96,75996;-186,0963;52,0457;NULL
2018-05-27 08:41:14.0;NO;-146,35;61,6867;104,675964;-186,0963;52,0457;NULL
2018-05-27 08:41:54.0;NO;-154,4616;68,04;97,2195;-186,0963;52,0457;NULL
2018-05-27 08:42:34.0;NO;-161,095;73,2584;60,324417;-186,0963;52,0457;NULL
2018-05-27 08:42:54.0;NO;-163,3416;74,37;45,84322;-186,0963;52,0457;NULL
2018-05-27 08:43:34.0;NO;-167,0733;72,49;53,770355;-186,0963;52,0457;NULL
2018-05-27 08:43:54.0;NO;-168,575;68,8834;63,27624;-186,0963;52,0457;NULL
2018-05-27 08:44:34.0;NO;-171,5133;61,555;52,180477;-186,0963;52,0457;NULL
2018-05-27 08:45:14.0;NO;-171,9316;59,6867;52,532547;-186,0963;52,0457;NULL
2018-05-27 08:45:54.0;NO;-175,5016;60,7984;50,42754;-186,0963;52,0457;NULL
2018-05-27 08:46:14.0;NO;-176,26;57,075;57,200253;-186,0963;52,0457;NULL
2018-05-27 08:46:34.0;NO;-176,67;53,9717;22,84749;-186,0963;52,0457;NULL
2018-05-27 08:47:14.0;NO;-179,455;54,3934;32,11249;-186,0963;52,0457;YES
2018-05-27 08:47:34.0;NO;-180,9516;54,795;29,231075;-186,0963;52,0457;YES
2018-05-27 08:48:14.0;NO;-181,925;51,0367;42,07607;-186,0963;52,0457;YES
2018-05-27 08:48:34.0;NO;-182,2566;49,8917;22,677013;-186,0963;52,0457;YES
2018-05-27 08:48:54.0;NO;-183,9183;50,085;31,486174;-186,0963;52,0457;YES
2018-05-27 08:49:14.0;NO;-185,9383;51,5117;48,58566;-186,0963;52,0457;YES
2018-05-27 08:49:54.0;NO;-187,175;52,8717;40,476933;-186,0963;52,0457;YES
2018-05-27 08:50:14.0;NO;-186,28;52,2717;11,118;-186,0963;52,0457;YES
2018-05-27 08:50:34.0;NO;-185,5983;51,865;13,143329;-186,0963;52,0457;YES
2018-05-27 08:50:34.0;YES;-185,5983;51,865;3,6509247;-186,0963;52,0457;YES
